feature,gradient_sensitivity
ndbi,0.24397041
impervious_fraction,0.14563493
albedo,0.120948404
wind_u,0.108123854
vegetation_fraction,0.097571425
solar_radiation,0.05905731
building_density,0.055540804
air_temperature,0.047146864
dewpoint,0.037448253
savi,0.036543995
ndwi,0.03134896
longitude,0.02403431
latitude,0.0218102
evi,0.012632098
wind_v,0.012195416
population_density,0.011548729
ndvi,0.006936984
pressure,0.0015286831
road_density,3.5241535e-11
