feature,gradient_sensitivity
ndbi,0.24397041
impervious_fraction,0.14563496
albedo,0.12094842
wind_u,0.10812385
vegetation_fraction,0.097571425
solar_radiation,0.059057303
building_density,0.055540793
air_temperature,0.04714686
dewpoint,0.037448253
savi,0.036543988
ndwi,0.03134896
longitude,0.024034318
latitude,0.021810208
evi,0.012632094
wind_v,0.012195412
population_density,0.011548719
ndvi,0.0069369692
pressure,0.001528672
road_density,3.524154e-11
