{"lr": 0.002261721933853568, "hidden_dim": 128, "dropout": 0.14981469721062798, "weight_decay": 0.0008247636210984939, "epochs": 400}