{"lr": 0.005027831680838116, "hidden_dim": 128, "dropout": 0.34480677585488007, "weight_decay": 8.39497993384634e-05, "epochs": 400}