{"lr": 0.0018818344846988503, "hidden_dim": 128, "dropout": 0.20715278217167135, "weight_decay": 3.186739773573521e-05, "epochs": 400}