{"lr": 0.005369947923111977, "hidden_dim": 64, "dropout": 0.2500427674867609, "weight_decay": 5.844241473637524e-05, "epochs": 400, "lambda_phys": 0.02232406814647044}